round,valmae,valmse
1,0.7908,1.022
2,0.7954,1.0399
3,0.7896,1.0145
4,0.7879,1.0161
5,0.784,1.0146
avg,0.78954,1.02142
