round,valmae,valmse
1,0.7532,0.921
2,0.7544,0.9215
3,0.7556,0.9281
4,0.7511,0.9135
5,0.7517,0.9145
avg,0.7532000000000001,0.9197200000000001
