round,valmae,valmse
1,0.8004,1.0603
2,0.8006,1.0621
3,0.795,1.05
4,0.7883,1.0337
5,0.7978,1.0587
avg,0.79642,1.05296
