round,valmae,valmse
1,0.7924,1.0452
2,0.8073,1.0865
3,0.8014,1.0715
4,0.8002,1.0641
5,0.7956,1.0511
avg,0.79938,1.06368
