round,valmae,valmse
1,0.7557,0.927
2,0.7561,0.9291
3,0.7533,0.9181
4,0.7524,0.9207
5,0.7517,0.9165
avg,0.7538400000000001,0.92228
