round,valmae,valmse
1,0.7884,1.017
2,0.7906,1.0239
3,0.7927,1.0272
4,0.7877,1.0115
5,0.7818,0.9989
avg,0.7882399999999999,1.0156999999999998
