round,valmae,valmse
1,0.7571,0.9321
2,0.7556,0.93
3,0.7569,0.9334
4,0.7543,0.9304
5,0.7537,0.9245
avg,0.7555200000000001,0.93008
