round,valmae,valmse
1,0.787,1.0257
2,0.7959,1.047
3,0.7923,1.041
4,0.7937,1.0455
5,0.7908,1.0427
avg,0.79194,1.04038
