round,valmae,valmse
1,0.7635,0.9382
2,0.7611,0.9357
3,0.757,0.9205
4,0.7604,0.9291
5,0.7526,0.9103
avg,0.75892,0.92676
