round,valmae,valmse
1,0.757,0.9278
2,0.757,0.9293
3,0.7502,0.9109
4,0.7521,0.9195
5,0.7505,0.9126
avg,0.75336,0.9200200000000001
