round,valmae,valmse
1,0.792,1.0305
2,0.7969,1.0387
3,0.7854,1.0085
4,0.7825,1.0001
5,0.79,1.022
avg,0.7893600000000001,1.01996
