round,valmae,valmse
1,0.7564,0.9202
2,0.759,0.9279
3,0.7536,0.9105
4,0.7554,0.9171
5,0.7595,0.925
avg,0.75678,0.92014
