round,valmae,valmse
1,0.7816,0.9931
2,0.7893,1.0231
3,0.7856,1.0096
4,0.787,1.0122
5,0.7918,1.0267
avg,0.78706,1.01294
