round,valmae,valmse
1,0.7632,0.9395
2,0.7629,0.9365
3,0.757,0.9213
4,0.7573,0.9252
5,0.7572,0.9203
avg,0.75952,0.92856
