round,valmae,valmse
1,0.9946,1.665
2,0.9719,1.5814
3,0.948,1.4987
4,0.9814,1.6049
5,0.9838,1.622
avg,0.9759399999999999,1.5943999999999998
