round,valmae,valmse
1,0.9994,1.6912
2,0.9437,1.4982
3,0.9498,1.5231
4,0.9686,1.5712
5,0.9787,1.6116
avg,0.96804,1.5790600000000001
