round,valmae,valmse
1,0.8694,1.2537
2,0.8921,1.3388
3,0.8617,1.2329
4,0.8786,1.2908
5,0.8841,1.2991
avg,0.8771799999999998,1.28306
