round,valmae,valmse
1,0.8715,1.2751
2,0.8885,1.3208
3,0.8848,1.3099
4,0.8748,1.2751
5,0.9018,1.3607
avg,0.8842800000000001,1.3083200000000001
