round,valmae,valmse
1,0.9889,1.6666
2,0.956,1.536
3,0.9977,1.6676
4,0.9676,1.5774
5,0.9685,1.5698
avg,0.97574,1.60348
