round,valmae,valmse
1,0.9074,1.3853
2,0.883,1.3229
3,0.8682,1.2639
4,0.8924,1.3296
5,0.9249,1.4146
avg,0.8951799999999999,1.34326
