round,valmae,valmse
1,0.9932,1.6764
2,0.9632,1.581
3,0.9648,1.5655
4,0.9612,1.5394
5,0.9569,1.5382
avg,0.9678599999999999,1.5800999999999998
