round,valmae,valmse
1,0.8839,1.306
2,0.856,1.2331
3,0.869,1.2662
4,0.8572,1.2206
5,0.8742,1.26
avg,0.86806,1.25718
