round,valmae,valmse
1,1.0064,1.7106
2,0.9355,1.5098
3,0.9832,1.6273
4,0.9437,1.5064
5,0.9956,1.6643
avg,0.97288,1.60368
