round,valmae,valmse
1,0.8794,1.2981
2,0.8865,1.325
3,0.9092,1.3834
4,0.8821,1.2879
5,0.8789,1.2769
avg,0.8872199999999999,1.3142599999999998
