round,valmae,valmse
1,0.9737,1.6058
2,0.9959,1.6921
3,0.9778,1.6173
4,0.962,1.5719
5,0.9436,1.5008
avg,0.9705999999999999,1.59758
