round,valmae,valmse
1,0.8972,1.3355
2,0.8755,1.2814
3,0.8618,1.2206
4,0.9219,1.4248
5,0.9019,1.361
avg,0.8916600000000001,1.3246600000000002
