round,valmae,valmse
1,0.9946,1.6733
2,0.9271,1.4342
3,0.9692,1.5694
4,0.9188,1.3965
5,0.9733,1.5772
avg,0.9565999999999999,1.5301199999999997
