round,valmae,valmse
1,0.8711,1.2748
2,0.9078,1.3935
3,0.8652,1.2325
4,0.875,1.2661
5,0.9007,1.3513
avg,0.8839599999999999,1.3036400000000001
