round,valmae,valmse
1,0.9017,1.3521
2,0.8912,1.3432
3,0.8966,1.347
4,0.8772,1.2831
5,0.8807,1.2773
avg,0.88948,1.32054
