round,valmae,valmse
1,1.0006,1.6971
2,0.9524,1.5273
3,0.9756,1.5899
4,0.9781,1.6002
5,0.9572,1.5372
avg,0.97278,1.59034
