round,valmae,valmse
1,0.9956,1.7149
2,0.9591,1.5683
3,0.9417,1.5015
4,0.9928,1.6497
5,0.9757,1.5944
avg,0.97298,1.60576
