round,valmae,valmse
1,0.9742,1.6126
2,0.9442,1.5239
3,0.9554,1.546
4,0.9375,1.4824
5,0.9798,1.6074
avg,0.9582200000000001,1.5544600000000002
