round,valmae,valmse
1,1.8517,5.4756
2,1.8594,5.5686
3,1.7755,5.1117
4,1.8001,5.1679
5,1.682,4.7867
avg,1.7937400000000001,5.222099999999999
