round,valmae,valmse
1,1.6483,4.6486
2,1.7546,5.0323
3,1.6297,4.462
4,1.5764,4.2573
5,1.7263,4.9326
avg,1.66706,4.6665600000000005
