round,valmae,valmse
1,1.7481,5.0844
2,1.6867,4.7422
3,1.7077,4.8422
4,1.6311,4.5525
5,1.6451,4.5129
avg,1.6837399999999998,4.746840000000001
