round,valmae,valmse
1,1.9504,5.9388
2,1.7068,4.7941
3,1.8557,5.3869
4,2.0974,6.4234
5,2.0141,6.0194
avg,1.9248800000000004,5.7125200000000005
