round,valmae,valmse
1,2.0714,6.345
2,1.8648,5.393
3,1.8443,5.2836
4,2.0312,6.1215
5,2.0572,6.2353
avg,1.97378,5.87568
