round,valmae,valmse
1,1.9509,5.7842
2,1.9504,5.7824
3,1.8646,5.3829
4,1.8108,5.1792
5,2.0641,6.227
avg,1.92816,5.67114
