round,valmae,valmse
1,0.9248,1.5572
2,0.8884,1.3915
3,0.9064,1.4709
4,0.905,1.4808
5,0.8925,1.4258
avg,0.90342,1.4652399999999999
