round,valmae,valmse
1,1.0675,2.1863
2,1.0362,2.0294
3,0.9752,1.7485
4,1.0053,1.8945
5,1.0644,2.1561
avg,1.02972,2.00296
