round,valmae,valmse
1,1.0356,2.0156
2,1.046,2.104
3,0.9929,1.8335
4,1.0124,1.9398
5,1.031,2.0624
avg,1.02358,1.9910599999999998
