round,valmae,valmse
1,0.891,1.4024
2,0.9704,1.753
3,0.9095,1.4997
4,0.908,1.4599
5,0.9341,1.5816
avg,0.9226000000000001,1.53932
