round,valmae,valmse
1,0.9379,1.5878
2,0.9145,1.5644
3,0.9094,1.5059
4,0.8992,1.4739
5,0.9143,1.5172
avg,0.9150600000000001,1.5298399999999999
