round,valmae,valmse
1,0.8941,1.4107
2,0.9023,1.5054
3,0.9375,1.5738
4,0.9226,1.5543
5,0.9154,1.475
avg,0.9143800000000001,1.5038399999999998
