round,valmae,valmse
1,0.9986,1.8465
2,1.0484,2.0793
3,1.0027,1.8462
4,1.0479,2.1383
5,1.0193,1.9414
avg,1.02338,1.9703400000000002
