round,valmae,valmse
1,1.0447,2.0152
2,1.1166,2.2972
3,1.0857,2.1971
4,1.0283,1.9488
5,1.1303,2.3834
avg,1.0811199999999999,2.1683399999999997
