round,valmae,valmse
1,0.8988,1.5053
2,0.8816,1.3686
3,0.8847,1.4149
4,0.8862,1.4165
5,0.8672,1.3158
avg,0.8836999999999999,1.40422
