round,valmae,valmse
1,1.059,2.0578
2,1.1027,2.276
3,1.0606,2.0577
4,1.0575,2.0818
5,1.0802,2.1155
avg,1.0719999999999998,2.1177599999999996
