round,valmae,valmse
1,1.0784,2.2224
2,1.0613,2.1335
3,1.014,1.8892
4,1.0294,1.9524
5,1.0205,1.8992
avg,1.0407199999999999,2.01934
