round,valmae,valmse
1,0.892,1.4167
2,0.8798,1.3943
3,0.882,1.3862
4,0.8959,1.4503
5,0.8961,1.4779
avg,0.8891600000000001,1.4250800000000001
